com_0,Lawson PLC
com_1,Valentine-Kim
com_2,Moody PLC
com_3,Garrison LLC
com_4,"Moyer, Gregory and Macdonald"
com_5,"Cox, Gray and Smith"
com_6,"Vargas, Cardenas and Morgan"
com_7,Harris-Gonzalez
com_8,"Lin, Nguyen and Snyder"
com_9,"Green, Short and Hull"
com_10,Wilson-Martin
com_11,"Jones, Arroyo and Snyder"
com_12,Hill-Sparks
com_13,"Neal, Bradley and Conley"
com_14,"Atkinson, Gordon and Jordan"
com_15,Juarez and Sons
com_16,Murphy-Carter
com_17,Roberts-Lee
com_18,Howard PLC
com_19,Green-Foster
com_20,"Green, Martin and Dawson"
com_21,Woods-Boyd
com_22,Spencer PLC
com_23,Clark-Mcintyre
com_24,Castillo-Greer
com_25,Taylor-Walls
com_26,Taylor Inc
com_27,Hughes Ltd
com_28,Chandler LLC
com_29,Robinson-Wright
com_30,"Webb, Jones and Jones"
com_31,"Lewis, Bruce and Williams"
com_32,Mills Group
com_33,"Rubio, Mills and Tucker"
com_34,"Davis, Brennan and Osborn"
com_35,"Brown, Mcclure and Stewart"
com_36,Carlson-Gray
com_37,White-Hendrix
com_38,Fox Inc
com_39,Montoya PLC
com_40,"Williams, Larson and Morgan"
com_41,"Lee, Smith and Moran"
com_42,"Steele, Yoder and Tran"
com_43,"Rogers, Saunders and Allen"
com_44,"Deleon, Haney and Bradley"
com_45,Roach Inc
com_46,Huang-Brown
com_47,Roman Ltd
com_48,Allison Inc
com_49,Simpson Group
com_50,"Hunter, Mcguire and Stewart"
com_51,"Perez, Simpson and Warren"
com_52,Mcdonald LLC
com_53,Harrell Inc
com_54,Bautista PLC
com_55,Gibson-Day
com_56,Gibbs-Jackson
com_57,Murphy and Sons
com_58,Smith-Solis
com_59,Ward-Montgomery
com_60,"Reeves, Clark and Mcmillan"
com_61,Pearson-Oneal
com_62,"Murphy, Fisher and Johnson"
com_63,"Robbins, Mcgrath and Rivera"
com_64,Robinson PLC
com_65,Cook LLC
com_66,Cook-Parks
com_67,"Rubio, Cardenas and Silva"
com_68,Skinner-Howell
com_69,"Roth, Duncan and Wilson"
com_70,Myers-Payne
com_71,Ruiz LLC
com_72,Bruce Inc
com_73,"Patrick, Monroe and Gray"
com_74,"Martinez, Garcia and Rivera"
com_75,"Mathis, Myers and Thomas"
com_76,Rhodes PLC
com_77,Miller Group
com_78,Thomas-Daniel
com_79,"Strong, Norton and Carr"
com_80,Cantu-Cunningham
com_81,Blevins LLC
com_82,Reid LLC
com_83,"Rose, Mcgee and Dawson"
com_84,Gonzalez-Smith
com_85,Harrison-Campbell
com_86,Steele LLC
com_87,"Hart, Wise and Miller"
com_88,"Mann, Rodriguez and Terry"
com_89,Stout LLC
com_90,Casey and Sons
com_91,"Hester, Young and Savage"
com_92,Clark Ltd
com_93,Hodge-Brown
com_94,"Fernandez, Medina and Singleton"
com_95,"Lowe, Dalton and Russell"
com_96,Robinson and Sons
com_97,"Hudson, Riggs and Smith"
com_98,"Juarez, Flynn and Santiago"
com_99,Long-Graham
com_100,Brown-Paul
com_101,Cervantes and Sons
com_102,"Yates, Ortiz and Rogers"
com_103,"Warner, Martin and Francis"
com_104,"Woods, Gonzalez and Jacobson"
com_105,"Wise, Jordan and Moss"
com_106,Taylor Ltd
com_107,"Collins, Morris and Trujillo"
com_108,"Whitehead, Harris and Barrett"
com_109,Anderson PLC
com_110,Thomas-Avila
com_111,Robbins LLC
com_112,Brown-Jones
com_113,Anthony Ltd
com_114,White-Kelly
com_115,"Bailey, Fuller and Johnson"
com_116,Williamson-Parsons
com_117,Molina-Carter
com_118,"Rogers, Martinez and Holmes"
com_119,Ramsey LLC
com_120,Nielsen-Russell
com_121,"Clayton, Moore and Sherman"
com_122,Hicks-Kelly
com_123,"Brown, Kelley and Oliver"
com_124,Lee and Sons
com_125,Mitchell PLC
com_126,"Harris, Edwards and Bush"
com_127,Farmer PLC
com_128,"Reynolds, Carrillo and Smith"
com_129,Elliott Group
com_130,Nichols-Anderson
com_131,Taylor-Hart
com_132,Nguyen and Sons
com_133,"Young, Barber and Owen"
com_134,Castro LLC
com_135,"Garcia, Vincent and Duncan"
com_136,"Hicks, King and Hull"
com_137,Peterson-Hernandez
com_138,Williams-Rocha
com_139,"Stewart, Cervantes and Thomas"
com_140,Wolf-Brown
com_141,Phelps PLC
com_142,Mays-Mcmahon
com_143,Hughes PLC
com_144,Stewart-Stevens
com_145,Hunter-Craig
com_146,Byrd-Williams
com_147,"Obrien, Cooper and Owens"
com_148,Stokes PLC
com_149,Bradley-Turner
com_150,Willis Inc
com_151,Robinson-Coleman
com_152,Stone Group
com_153,Rivera Group
com_154,Parsons Ltd
com_155,"Martin, Baird and Smith"
com_156,Morales-Booth
com_157,Pace-Santos
com_158,"White, Taylor and Booker"
com_159,"Pittman, Monroe and Watts"
com_160,Ruiz-Carter
com_161,"Gibson, Hill and Kennedy"
com_162,Mitchell Inc
com_163,Long LLC
com_164,Arellano-Bell
com_165,Guerra-Gordon
com_166,"Lewis, Ryan and Hall"
com_167,Ramirez Inc
com_168,Sanchez PLC
com_169,"Franco, Dixon and Marshall"
com_170,Jones PLC
com_171,"Burns, Gonzales and Davis"
com_172,Baker-Blair
com_173,"Moran, Rivers and Kelley"
com_174,"George, Smith and Carr"
com_175,Garner PLC
com_176,"Reed, Carr and Ramirez"
com_177,Smith-Lewis
com_178,"Singleton, Garcia and Duran"
com_179,"Cummings, Cannon and Wallace"
com_180,Crawford-Cook
com_181,Johnson-Moore
com_182,"Johnson, Benson and Freeman"
com_183,Andrews PLC
com_184,"Pitts, King and Schneider"
com_185,Miller and Sons
com_186,"Shaffer, Hogan and Donaldson"
com_187,Sanchez-Bates
com_188,Brady PLC
com_189,Torres-Taylor
com_190,Franco-Petty
com_191,Willis PLC
com_192,Stevenson-Simpson
com_193,Reynolds and Sons
com_194,Parker Group
com_195,Gonzalez-Chang
com_196,Jones and Sons
com_197,"Williams, Park and Rich"
com_198,Allen and Sons
com_199,Gray Inc
