cont_0,Olivia Pierce
cont_1,Benjamin Palmer
cont_2,Megan Page
cont_3,Jane Fisher
cont_4,Elizabeth Hines
cont_5,Angel Brown
cont_6,James Allen
cont_7,Brendan Miller
cont_8,John Velazquez
cont_9,Angela Perez
cont_10,Lauren Smith
cont_11,Brittany Stein
cont_12,Joseph Gonzales
cont_13,Don Rose
cont_14,Jonathan Rodriguez IV
cont_15,Kaitlyn Marsh
cont_16,Stephen Thomas
cont_17,Michael Long
cont_18,David Hill
cont_19,Michael Johnson
cont_20,Tracy Rodriguez
cont_21,Wanda Thomas
cont_22,Paul Walls
cont_23,Lori Johnson
cont_24,Amy Morris
cont_25,Taylor Stanton
cont_26,Thomas Monroe
cont_27,Brandi Page
cont_28,Evan Robinson
cont_29,Corey Jennings
cont_30,Jamie Marquez
cont_31,Emily Guerrero
cont_32,Ellen Stanton
cont_33,Lisa Morris
cont_34,Michelle Valdez
cont_35,Terry Snyder
cont_36,Beth Graham
cont_37,James Goodman
cont_38,Toni Thompson
cont_39,Matthew Moyer
cont_40,Michael Jackson
cont_41,Theresa Rios
cont_42,David White
cont_43,Michael Wilson
cont_44,Sean Jones
cont_45,Lindsay Moreno
cont_46,Rebecca Sosa
cont_47,Mark Ayers
cont_48,Carrie Mckee
cont_49,Nicole Nelson
cont_50,Pam Garcia
cont_51,Crystal Hays
cont_52,Sandra Howard
cont_53,Kathryn Morales
cont_54,Kristie Larson
cont_55,Kendra Jones
cont_56,Paul Whitney
cont_57,Sharon Castillo
cont_58,Julia Herring
cont_59,Raymond Watkins
cont_60,Isabella Carter
cont_61,Melissa Arroyo
cont_62,Jenna Hickman
cont_63,Christina Baker
cont_64,Benjamin Mack
cont_65,Sarah Campbell
cont_66,Wyatt Hall
cont_67,Catherine Ingram
cont_68,Brenda Oliver
cont_69,William Lee
cont_70,Paul Williams
cont_71,Sandra Hernandez
cont_72,Nicole Perry
cont_73,Philip Coleman
cont_74,Felicia Barker
cont_75,Kayla Simpson
cont_76,James Wright
cont_77,Corey Franco
cont_78,Emily Curry
cont_79,Christopher Lambert
cont_80,Sharon Hunter
cont_81,Lindsay Graves
cont_82,Lisa Lopez
cont_83,Emily Smith MD
cont_84,Yvonne Singh
cont_85,Debbie Smith
cont_86,Angelica Page
cont_87,Rebecca Davis
cont_88,Johnny Booker
cont_89,Michael Burton
cont_90,Dr. Sarah Dyer MD
cont_91,Brenda Neal
cont_92,Sara Olsen
cont_93,Wesley Sosa
cont_94,Joseph Martinez
cont_95,John Edwards
cont_96,Allen Hernandez
cont_97,Erika Williams
cont_98,Stacy Hancock
cont_99,Amber Blackburn
