voucher_119,cont_45
voucher_142,cont_19
voucher_116,cont_8
voucher_135,cont_35
voucher_163,cont_69
voucher_188,cont_26
voucher_114,cont_80
voucher_84,cont_49
voucher_112,cont_14
voucher_61,cont_86
voucher_105,cont_80
voucher_156,cont_65
voucher_190,cont_14
voucher_63,cont_46
voucher_168,cont_43
voucher_129,cont_41
voucher_137,cont_20
voucher_112,cont_40
voucher_120,cont_78
voucher_172,cont_70
voucher_189,cont_83
voucher_80,cont_64
voucher_142,cont_63
voucher_8,cont_54
voucher_80,cont_24
voucher_111,cont_8
voucher_56,cont_26
voucher_81,cont_10
voucher_51,cont_62
voucher_8,cont_60
voucher_184,cont_27
voucher_184,cont_91
voucher_152,cont_84
voucher_148,cont_19
voucher_24,cont_77
voucher_29,cont_42
voucher_92,cont_82
voucher_197,cont_9
voucher_109,cont_81
voucher_94,cont_56
voucher_114,cont_31
voucher_76,cont_43
voucher_178,cont_36
voucher_34,cont_6
voucher_69,cont_17
voucher_147,cont_51
voucher_23,cont_49
voucher_4,cont_96
voucher_21,cont_94
voucher_173,cont_26
voucher_139,cont_82
voucher_163,cont_79
voucher_62,cont_92
voucher_149,cont_86
voucher_126,cont_47
voucher_154,cont_7
voucher_112,cont_86
voucher_146,cont_80
voucher_184,cont_10
voucher_185,cont_37
voucher_93,cont_67
voucher_106,cont_21
voucher_77,cont_68
voucher_162,cont_13
voucher_27,cont_24
voucher_131,cont_48
voucher_18,cont_73
voucher_192,cont_8
voucher_63,cont_63
voucher_118,cont_38
voucher_48,cont_68
voucher_61,cont_41
voucher_55,cont_99
voucher_188,cont_50
voucher_88,cont_59
voucher_84,cont_45
voucher_88,cont_91
voucher_193,cont_89
voucher_85,cont_46
voucher_114,cont_51
voucher_118,cont_85
voucher_179,cont_42
voucher_83,cont_73
voucher_69,cont_53
voucher_34,cont_74
voucher_61,cont_43
voucher_13,cont_53
voucher_173,cont_19
voucher_60,cont_87
voucher_15,cont_23
voucher_190,cont_73
voucher_66,cont_92
voucher_102,cont_58
voucher_28,cont_83
voucher_175,cont_79
voucher_135,cont_65
voucher_53,cont_62
voucher_126,cont_29
voucher_179,cont_10
voucher_168,cont_39
