dev_0,Adam Clark
dev_1,Rebecca Ramirez
dev_2,Jeff Atkins
dev_3,Daniel Rivera
dev_4,Jennifer Liu
dev_5,Colleen Ross
dev_6,Jessica Lee
dev_7,Javier Marks
dev_8,Katherine Wilson
dev_9,Sherry Larsen
dev_10,Jesus Davidson
dev_11,Christopher Allen
dev_12,Anne Burns
dev_13,Danielle Gomez
dev_14,Brian Patton
dev_15,Teresa Brown
dev_16,Duane Nichols
dev_17,Bradley Olsen
dev_18,Miranda Wise
dev_19,Jasmin Mcdonald
dev_20,Molly Gutierrez
dev_21,Jeremiah Flores
dev_22,Mark Wyatt
dev_23,Danielle Martinez
dev_24,Terri Smith
dev_25,Maria Ryan
dev_26,Crystal Marks
dev_27,Sophia Walker
dev_28,Melanie Murray DVM
dev_29,Derrick Smith
dev_30,Kelly Skinner
dev_31,Vincent Hamilton
dev_32,Stacey Allen
dev_33,Steven Walker
dev_34,Raymond Myers
dev_35,Teresa Gardner
dev_36,Andrew Jacobs
dev_37,Virginia Knox
dev_38,Todd Spencer
dev_39,Jeffery Duran
dev_40,Karen Williams
dev_41,Debbie Watson
dev_42,Jonathan Smith
dev_43,Joseph Johnson
dev_44,Scott Walker
dev_45,Julie Christensen
dev_46,William Wheeler
dev_47,Sharon Edwards
dev_48,Stephanie Gomez
dev_49,Michelle Howard
dev_50,Stephanie Perez
dev_51,Marissa Casey
dev_52,Katherine Evans
dev_53,Courtney Fletcher
dev_54,Tracy Jackson
dev_55,Barbara Martinez
dev_56,Tyler Erickson
dev_57,Aaron Taylor
dev_58,Dan Wilson
dev_59,Samuel Frazier
dev_60,Edward Shields
dev_61,Emily Johnson
dev_62,Amanda Burgess
dev_63,Taylor Hansen
dev_64,Erin Davenport
dev_65,William Fowler
dev_66,Christopher Burns
dev_67,Kimberly Payne
dev_68,Alejandra Wilson
dev_69,Courtney Shepherd
dev_70,Brian Gonzalez
dev_71,Travis Contreras
dev_72,James Mccarty
dev_73,Tina Robinson
dev_74,Brian Johnson
dev_75,Phillip Clark
dev_76,Monique Atkins
dev_77,Patrick Johnson
dev_78,Amanda Cox
dev_79,Craig Davis
dev_80,Nicole Lawson
dev_81,Dr. Steven Kim
dev_82,Haley Miller
dev_83,Alexis Page
dev_84,Julia Williams
dev_85,Christopher Turner
dev_86,Richard Carpenter
dev_87,Annette Cook
dev_88,John Hurst
dev_89,Nicholas Rojas
dev_90,Karen Schroeder
dev_91,Susan Cox
dev_92,Jason Garcia
dev_93,Daniel Williams
dev_94,Brenda James
dev_95,James Ramsey
dev_96,Robert Sandoval
dev_97,Kelly Valdez
dev_98,Jason Flores
dev_99,Lisa Stanley
dev_100,Jaime Watkins
dev_101,Joseph Hall
dev_102,Bryan Johnson
dev_103,Judith Cunningham
dev_104,Amber Thomas
dev_105,Jacob Hall
dev_106,Tim Martin II
dev_107,Cristian Williams
dev_108,Jeremy Thomas
dev_109,Heather Gray
dev_110,Logan Rodriguez
dev_111,Matthew Whitney
dev_112,Michael Mooney
dev_113,Ashley Jackson
dev_114,David Gonzales
dev_115,Nicole Cummings
dev_116,Jose Meadows
dev_117,Eric Martin Jr.
dev_118,Michael Compton
dev_119,Alex Donaldson
dev_120,Brian Hardy
dev_121,Cindy Shaffer
dev_122,Joshua Young
dev_123,Seth Washington
dev_124,Christopher Wolfe Jr.
dev_125,Jessica Jones
dev_126,Steven Dominguez
dev_127,Ian Rivera
dev_128,Matthew Robinson
dev_129,Carla Hamilton
dev_130,Jared Hester
dev_131,Jennifer Reed
dev_132,Jason Adams
dev_133,Krystal Gamble
dev_134,Michael Reynolds
dev_135,Pamela Forbes
dev_136,Joseph Welch
dev_137,Kayla Moon
dev_138,Julie Flores
dev_139,Lisa Smith
dev_140,Michael Nguyen
dev_141,Micheal Gonzalez
dev_142,Andrea Stanley
dev_143,Angie Fleming
dev_144,Danielle Moody
dev_145,Lori White DDS
dev_146,Jose Green
dev_147,Gregg Schmidt
dev_148,Melissa Smith
dev_149,Natalie Johnson
dev_150,Monica Marshall
dev_151,Brooke Schmitt
dev_152,Michael Webb
dev_153,Jeffery Arellano
dev_154,Bradley Dickson
dev_155,Brandon Ford
dev_156,Megan Medina
dev_157,Stephanie Jackson
dev_158,Kayla Garcia
dev_159,Tammy Murphy
dev_160,Tony Mccormick
dev_161,Caitlin Cook
dev_162,Suzanne Moreno
dev_163,Devon Mendoza
dev_164,Tonya Burns
dev_165,Jim Bird
dev_166,John Hernandez
dev_167,Eric Chapman
dev_168,Stacey Erickson
dev_169,John Haynes
dev_170,Mark Powell
dev_171,William Johnson
dev_172,Matthew Martinez
dev_173,Eric Herrera
dev_174,Jennifer James
dev_175,Sean Williams
dev_176,Justin Bryan
dev_177,Alice Mcintyre
dev_178,Taylor Robinson
dev_179,Sandra Carr
dev_180,Anthony Caldwell
dev_181,Maria Murphy
dev_182,Michelle Lewis
dev_183,Monica Hamilton
dev_184,Annette Clark
dev_185,Kristen Johnson
dev_186,Renee Barnes
dev_187,Nicole Lee
dev_188,Jennifer Lutz
dev_189,Jennifer Graves
dev_190,Jay Jackson
dev_191,Michael Carlson
dev_192,Richard Morales
dev_193,Amanda Rogers
dev_194,Pamela Harper
dev_195,Anna Davis
dev_196,Abigail Williams
dev_197,Jennifer Holt
dev_198,Andrew Cobb
dev_199,Ryan Chavez
dev_200,Mitchell Peters
dev_201,Allison Ferguson
dev_202,Erica Robbins
dev_203,Cynthia Harrison
dev_204,April Turner
dev_205,Ruben Fowler
dev_206,Angela Bean
dev_207,Jessica King
dev_208,Leslie Roach
dev_209,Anna Williams
dev_210,Barry Davenport
dev_211,James Munoz
dev_212,Jennifer Morales
dev_213,Rebecca Gonzales
dev_214,Larry Jones
dev_215,Lisa Rice
dev_216,Bridget Patel
dev_217,Willie Murray
dev_218,Eric Walker
dev_219,Michelle Downs
dev_220,Mary Smith
dev_221,Melissa Colon
dev_222,Joshua Morrison
dev_223,Teresa Love
dev_224,Dawn Bright
dev_225,Erika Wilson
dev_226,Barbara Hunt
dev_227,Raymond Young
dev_228,Kathryn Brown
dev_229,Karen Allen
dev_230,Brenda Grimes
dev_231,Adam Green
dev_232,Linda Garcia
dev_233,Blake Rodriguez
dev_234,Melissa Turner
dev_235,Daniel Barron
dev_236,Christine Moss
dev_237,Mary Ellis
dev_238,Courtney Dickerson
dev_239,Scott Mcconnell
dev_240,Mr. Robert Mcintyre III
dev_241,Michael Williams
dev_242,David Kelly
dev_243,Cassandra Ellis
dev_244,Kathleen Greene
dev_245,Kimberly Norris
dev_246,Jennifer Jenkins
dev_247,Jeffrey Martin
dev_248,Richard Nichols
dev_249,Zachary Ortega
dev_250,Joanne Avila
dev_251,Joseph Ballard
dev_252,Rachael Wright
dev_253,Howard Chapman
dev_254,Ann Munoz
dev_255,Cynthia Shepherd
dev_256,Jason Mendez
dev_257,Richard Graham
dev_258,Alvin Joseph
dev_259,Terri Jackson
dev_260,Scott Colon
dev_261,Adam Grant
dev_262,Ann Benton
dev_263,Kristen Patterson
dev_264,Karen Mitchell
dev_265,Aaron Hardin
dev_266,Angela Wu
dev_267,James Bailey
dev_268,Jessica Gallegos
dev_269,Trevor Moran
dev_270,Kristen Hurst
dev_271,Bryan Davis
dev_272,Tiffany Taylor
dev_273,Karen Benjamin
dev_274,Michael Greene
dev_275,Stephen Lee
dev_276,William Williams
dev_277,Steven Kim
dev_278,Benjamin Olsen
dev_279,Anthony Watson
dev_280,Kenneth Riley
dev_281,Katherine Mack
dev_282,Mr. Joseph Preston
dev_283,Dennis Baker
dev_284,Joy Santiago
dev_285,Elizabeth Martin
dev_286,Carrie King
dev_287,Christie Trevino
dev_288,David Elliott
dev_289,Gina Wilson
dev_290,Janet Richards
dev_291,Sarah Lopez
dev_292,Anthony Lopez
dev_293,Shannon Jones
dev_294,Christina Ruiz
dev_295,Kyle Palmer
dev_296,Juan Johnson
dev_297,Julie Jenkins
dev_298,Frederick Hopkins
dev_299,Mariah Jones
dev_300,Autumn Mendoza
dev_301,Robyn Ali
dev_302,Mary Brown
dev_303,Jennifer Dickson
dev_304,Joseph Johnson
dev_305,David Brown
dev_306,Samuel Smith
dev_307,Ronald Park
dev_308,Michael Williams
dev_309,Matthew Scott
dev_310,William Williams
dev_311,Katherine Lopez
dev_312,Manuel Morales
dev_313,Keith Turner
dev_314,Melissa Warner
dev_315,Christopher Simon
dev_316,Lisa Decker
dev_317,Michael Blevins
dev_318,Brianna Dougherty
dev_319,Kevin Brown
dev_320,Robert Fowler
dev_321,Christopher Blake
dev_322,Shawn Valdez
dev_323,Amanda Hodge
dev_324,Matthew Barnett
dev_325,Ronald Washington
dev_326,Timothy Cohen
dev_327,Rebecca Dawson
dev_328,Kelly Malone
dev_329,Meagan Olson
dev_330,Lori Tran
dev_331,Carla Holmes
dev_332,Joanna Blackburn
dev_333,Heather Montoya
dev_334,Mark Patterson
dev_335,James Gonzalez
dev_336,Angela Pennington
dev_337,David Hale
dev_338,Scott Alexander
dev_339,Nicholas Rose
dev_340,Helen Evans
dev_341,Dustin Francis
dev_342,Leonard Fowler
dev_343,Walter Jackson
dev_344,Martin Jensen
dev_345,Susan Fowler
dev_346,Gregory Moreno
dev_347,Jennifer Gaines
dev_348,Ronald Valdez
dev_349,Alan Reed
dev_350,Theresa Stanley
dev_351,Adrian Ruiz
dev_352,Mary Wright
dev_353,Teresa Wilkins
dev_354,Brianna Lee
dev_355,Felicia Ellis
dev_356,Jessica Kim
dev_357,Gregory Smith
dev_358,Joseph Wright
dev_359,Brandi Bates
dev_360,Amber Brown
dev_361,Anthony White
dev_362,Heather Kaiser
dev_363,Linda Gilmore
dev_364,Brooke Hawkins DVM
dev_365,Richard Medina
dev_366,Laura Gonzalez
dev_367,Monique Soto
dev_368,Connor Tran
dev_369,Michael Hicks
dev_370,Jacqueline Potter
dev_371,Patricia Young
dev_372,Daniel Vance
dev_373,Natalie Miller
dev_374,Audrey Hamilton
dev_375,Benjamin Griffin
dev_376,Jessica Watson
dev_377,Shawn Morales
dev_378,Ricky Mcbride
dev_379,Christopher West
dev_380,Nicole Cross
dev_381,Jordan Allen
dev_382,Brandon Jones
dev_383,Patty Daniels
dev_384,Jermaine Williams
dev_385,Timothy Williams
dev_386,Phillip Howard
dev_387,Christina Turner
dev_388,Carrie Foster
dev_389,John Hudson
dev_390,Brett Johnson
dev_391,Brian Floyd
dev_392,Karen Pratt
dev_393,Christopher David
dev_394,Terri Pineda
dev_395,Latasha Bennett
dev_396,Steven Snow
dev_397,Nancy Joseph
dev_398,David Olson
dev_399,Brian Rivera
dev_400,Steve Moreno
dev_401,Lindsay Lopez
dev_402,Christine Mitchell
dev_403,Bruce Smith
dev_404,Richard Moore
dev_405,Patricia Clark
dev_406,Xavier Jenkins
dev_407,Eric Merritt
dev_408,Mary Jones
dev_409,Kyle Ingram
dev_410,Christopher Brown
dev_411,Lance Nelson
dev_412,Sharon Wu
dev_413,Christine Maxwell
dev_414,Marcus Green
dev_415,Margaret Watson
dev_416,Brandy Robertson
dev_417,Anna Tucker
dev_418,Martha Boyd
dev_419,David Berger
dev_420,Timothy Hall
dev_421,Willie Zamora
dev_422,Neil Smith
dev_423,Robin Miller
dev_424,Christine Robertson
dev_425,Wendy Bennett
dev_426,Andrea Mercado
dev_427,Jennifer Conley
dev_428,Dr. Monica Williams
dev_429,Shane Wilson
dev_430,Michael Perez
dev_431,Melissa Salas
dev_432,Paul Mason
dev_433,Melissa Johnson
dev_434,Edwin Baker
dev_435,Mrs. Gabriela Smith MD
dev_436,Barbara Johnson
dev_437,Jay Jones
dev_438,Nathan Ruiz
dev_439,Jennifer Garcia
dev_440,Kevin Avila
dev_441,Sarah Thomas
dev_442,Deborah Glass
dev_443,Maria Hughes
dev_444,Frances Berry
dev_445,William Vaughn
dev_446,Nicole Faulkner
dev_447,Patrick Willis
dev_448,Lynn Garrett
dev_449,Christina Cook
dev_450,James Trujillo
dev_451,Garrett Pratt
dev_452,Kristopher Russell
dev_453,Sandra Davis
dev_454,Lisa Russell
dev_455,Miranda Stewart
dev_456,Scott Washington
dev_457,Maria Gilmore
dev_458,Craig Robinson
dev_459,Anita Diaz
dev_460,Mark Riggs
dev_461,Dr. Donald Welch Jr.
dev_462,Maurice Jones
dev_463,Kristy Buck
dev_464,Madison Myers
dev_465,Evan White
dev_466,Kimberly Smith
dev_467,Jamie Allen
dev_468,David Blake
dev_469,Gordon White
dev_470,Shawna Scott
dev_471,Michael Lewis
dev_472,Jesse Graves
dev_473,Rebecca Campbell
dev_474,Steven Williams
dev_475,Lisa Montgomery
dev_476,Andrew White
dev_477,Marcus Williams
dev_478,Edward Flowers
dev_479,Shannon Rush
dev_480,Shaun Sanchez
dev_481,Stacey Padilla
dev_482,Mr. William Clark
dev_483,Jeremy Curtis
dev_484,Gary Stewart
dev_485,Dr. Jeffrey Wilkins MD
dev_486,Elizabeth Nichols
dev_487,Louis Bailey
dev_488,Cristian Gordon
dev_489,Jamie Lucas
dev_490,James Sutton
dev_491,Laurie Delgado DVM
dev_492,Kristina Williams
dev_493,Steve Bryant
dev_494,John Stevenson
dev_495,Michelle Reed
dev_496,Brandon Davis
dev_497,David Barber
dev_498,Melanie Mendez
dev_499,Erica Simon
