ip_0,Kevin Smith
ip_1,Debbie Small
ip_2,Jason Harmon
ip_3,Carol Kennedy
ip_4,Matthew Hardy
ip_5,Daniel Dorsey
ip_6,Nicholas Anderson
ip_7,Laura Robertson
ip_8,Michael Arnold
ip_9,Roger Porter
ip_10,Brandon Williams
ip_11,Rebecca Mccall
ip_12,Kathryn Williams
ip_13,Amy Brown
ip_14,Karen Harrison
ip_15,Denise Calderon
ip_16,Carly Mcknight
ip_17,Emily Smith
ip_18,Jacqueline Rodriguez
ip_19,Mike Reynolds
ip_20,Kimberly Crosby
ip_21,Craig Smith
ip_22,Steven Smith
ip_23,Kathryn Hernandez
ip_24,Erika Walsh
ip_25,Brooke Martin
ip_26,Kelsey Lopez
ip_27,Jeffery Bradford
ip_28,Matthew Martinez
ip_29,Patricia Dunn
ip_30,Natalie Berry
ip_31,Stephanie Burns
ip_32,Angela Bowen
ip_33,Jeffrey Gardner
ip_34,Billy Mccarthy
ip_35,Harold Estrada
ip_36,Emma Warner
ip_37,Karen Shields
ip_38,Keith Williams
ip_39,Shannon Summers
ip_40,Kimberly Torres
ip_41,Lori Munoz
ip_42,Cathy Campbell
ip_43,Jonathan Williams
ip_44,Gina Mejia
ip_45,Lisa Williams
ip_46,Matthew Chen
ip_47,Jeffrey Sanchez
ip_48,Phillip Chapman
ip_49,Richard Thomas
ip_50,Thomas Giles
ip_51,Andrea Hanson
ip_52,Elizabeth Ward
ip_53,Timothy Baker
ip_54,Alexandra Nichols
ip_55,Samantha Hernandez
ip_56,Gina Powers
ip_57,Jake Schmidt
ip_58,Jonathan Pearson
ip_59,Robin Marquez
ip_60,Jeffrey Arnold
ip_61,Margaret Parker
ip_62,Christina Ryan
ip_63,Charles Moreno
ip_64,Elizabeth Fleming
ip_65,Mark Diaz
ip_66,Thomas Hurst
ip_67,Daniel Schultz
ip_68,Kimberly Contreras
ip_69,Colleen Phillips
ip_70,Lauren George
ip_71,Lori Simon
ip_72,Peter Dixon
ip_73,Donna Horne
ip_74,Lawrence Gonzales
ip_75,Brendan Moore
ip_76,Joe Smith
ip_77,Michelle Erickson
ip_78,Alexis Reynolds
ip_79,Justin Patel
ip_80,Shannon Ortiz
ip_81,Lorraine Rush
ip_82,Crystal Callahan
ip_83,Erica Jones
ip_84,Kevin Esparza
ip_85,Jennifer Robbins
ip_86,Hannah Patel
ip_87,Jennifer Combs
ip_88,Gregory Waller
ip_89,Marc Mccoy
ip_90,Robert Bell
ip_91,Mark Murphy
ip_92,Cheryl Garcia
ip_93,Steven Garcia
ip_94,Justin Thompson
ip_95,Tara Davenport
ip_96,Kevin Love
ip_97,Amy Garcia
ip_98,Andrea Rojas
ip_99,Steven Alvarez
ip_100,Kelly Gardner
ip_101,Jamie Perez
ip_102,Andrew Butler
ip_103,Charles Contreras
ip_104,Joshua Terrell
ip_105,Destiny Franklin
ip_106,David Castro
ip_107,Cindy Harris
ip_108,Faith Wilson
ip_109,Dominic Warner
ip_110,Stephanie Smith
ip_111,Sean Fernandez
ip_112,Daniel Salinas
ip_113,Seth Snyder
ip_114,Vickie Hammond
ip_115,Kristen Murphy
ip_116,Jeremy Watson
ip_117,Tara Dyer
ip_118,Christopher Ford
ip_119,Dr. Andrea Barnes
ip_120,Jorge Salazar
ip_121,Amber Sullivan
ip_122,John Rush
ip_123,David Booker MD
ip_124,John George
ip_125,Stephen Reynolds
ip_126,Katherine Hill
ip_127,Clinton Warren
ip_128,Lisa Cross
ip_129,Justin Hansen
ip_130,Erik Russell
ip_131,Erica Mcdaniel
ip_132,Mike Horne
ip_133,Vanessa Mccullough
ip_134,Joel Williams
ip_135,Tracy Mclaughlin
ip_136,James Harmon
ip_137,Mario Thomas
ip_138,Cheryl Brown
ip_139,Samuel Graham
ip_140,Jose Smith
ip_141,Dean Wu
ip_142,Matthew Flores
ip_143,John Pierce
ip_144,Brian Price
ip_145,Kristina Smith
ip_146,Sara Palmer
ip_147,Juan Smith
ip_148,Margaret Dickson
ip_149,Joseph Morris
ip_150,Tracy Robinson
ip_151,Andrea Johnson
ip_152,Stephanie Lyons
ip_153,Sandra Ward
ip_154,Jessica Cantu
ip_155,Dominic Mccoy
ip_156,Paul Johnson MD
ip_157,Amanda Collier
ip_158,Brenda Matthews
ip_159,Dr. David Hall MD
ip_160,Douglas Burch
ip_161,Amanda Moore
ip_162,Andrea Burgess
ip_163,Cody Campbell
ip_164,Brandon Kennedy
ip_165,Jeff Owens
ip_166,Brittany Vargas
ip_167,Kevin Perez
ip_168,Alex Lynn
ip_169,Teresa Hayes
ip_170,Jeanette Hopkins
ip_171,Jeanette Hill
ip_172,Jerome Silva
ip_173,Victor Davis
ip_174,Jeff Smith MD
ip_175,Ana Hayes
ip_176,Shawn Watkins
ip_177,Lori Roberts
ip_178,Richard Miller
ip_179,Dustin Shah
ip_180,Stephen Meyer
ip_181,Rachel Sawyer
ip_182,Kenneth Ashley
ip_183,Bryan Richards
ip_184,Katherine Martin
ip_185,Rachel Pope
ip_186,Mary Johnson
ip_187,Roberta Whitney
ip_188,Steve Diaz Jr.
ip_189,Jessica Frazier
ip_190,Sarah Martin
ip_191,Mandy Bennett
ip_192,Jason Hall
ip_193,Stephanie Weber
ip_194,Joshua Schultz
ip_195,Ashley West
ip_196,Kelly Nguyen
ip_197,Darren Davis
ip_198,Bruce Phillips
ip_199,Joseph Welch
ip_200,Christopher Moon
ip_201,William Murray
ip_202,Michael Cox
ip_203,Virginia Beard
ip_204,Ricky Salazar
ip_205,Emily Cohen
ip_206,Pamela Mitchell
ip_207,Brittany Cameron
ip_208,Amy Warner
ip_209,Tristan Roach
ip_210,Chelsea Fuller
ip_211,Dr. Amy Lopez
ip_212,Stephen Elliott
ip_213,Christopher Chandler
ip_214,Richard Marsh
ip_215,Isaiah Hodges Jr.
ip_216,Jillian Kline
ip_217,Stacey Sanchez
ip_218,Carrie Adams
ip_219,Lauren Mccall
ip_220,Ariel Webb
ip_221,Ryan Ford
ip_222,George Green
ip_223,Justin Reid
ip_224,Jeffery Hudson
ip_225,Kristen Sawyer
ip_226,Wanda Ross
ip_227,Juan Green
ip_228,Isaac Fields
ip_229,Brandy Woods
ip_230,Allen Warren
ip_231,Tasha Brady
ip_232,Joshua Lyons
ip_233,Alyssa Garrett
ip_234,Victor Horton
ip_235,Seth Bauer
ip_236,Sophia Kennedy
ip_237,Jason Powers
ip_238,Michael Harrington
ip_239,Jacqueline Butler
ip_240,Amy Snow
ip_241,David Vazquez
ip_242,Shannon Leach
ip_243,Joel Martin
ip_244,Lisa Martin
ip_245,Jamie Taylor
ip_246,Isabel Griffith
ip_247,David White
ip_248,Briana Carlson
ip_249,Miguel Bush
ip_250,Jill Sandoval
ip_251,Joshua Clay
ip_252,Amy Day
ip_253,Gloria Rivera
ip_254,James Shaffer
ip_255,Rebecca Wall
ip_256,Michelle Powers
ip_257,Luke Coleman
ip_258,Amanda King
ip_259,Jacqueline Guzman
ip_260,Victoria Barrera
ip_261,Rebecca Thomas
ip_262,Robin Marshall
ip_263,Cassandra Nelson
ip_264,Nathan Meyer
ip_265,Anthony Warren
ip_266,Susan Peters
ip_267,Michele Rojas
ip_268,Kimberly Jones
ip_269,Kristopher Price
ip_270,Laura Rodriguez
ip_271,Jerry Johnson
ip_272,Courtney Franco
ip_273,Frank Patterson
ip_274,Jason Cervantes
ip_275,Sean Thomas
ip_276,William Richard
ip_277,Lisa Jimenez
ip_278,Justin Bell
ip_279,Dr. Dale Moore
ip_280,Tamara May
ip_281,Ms. Michelle Moreno
ip_282,Melissa Moreno
ip_283,Nichole Williams
ip_284,Nicholas Martin
ip_285,Andrea Mccoy
ip_286,Gina Luna
ip_287,David Brady
ip_288,Pamela Hays
ip_289,Sydney Richardson
ip_290,Ronald Hall
ip_291,Brenda Adams
ip_292,Christine Jones
ip_293,Andrew Alvarez
ip_294,Christopher Gordon
ip_295,Jenna Meyer
ip_296,Kimberly Morgan
ip_297,Madison Brandt
ip_298,Melissa Woods
ip_299,Nancy Duke
ip_300,Tracy Johnson
ip_301,Dustin Mendez
ip_302,Kristen Stephens
ip_303,Jennifer Norman
ip_304,Melinda Gillespie
ip_305,Sheila Castro
ip_306,Philip Ball
ip_307,Nicholas Nguyen
ip_308,James Potter
ip_309,Kelly Hayes
ip_310,Brian Murray
ip_311,Mr. Brian Mendoza
ip_312,Leonard Proctor
ip_313,Kristen Estrada
ip_314,Sophia Young
ip_315,Daniel Wright
ip_316,Rebecca King
ip_317,Mark Martinez
ip_318,Judy Daniels
ip_319,Dylan Jacobs
ip_320,Carrie Mullins
ip_321,Andrew Perry
ip_322,Jasmine Green
ip_323,Kathryn Diaz
ip_324,Mrs. Ashley Anderson
ip_325,Jennifer Fernandez
ip_326,Joel Morgan
ip_327,Devin Russell
ip_328,Jeremy Byrd
ip_329,Jonathan Walker
ip_330,Joshua Johnson
ip_331,Martin Castro
ip_332,Deborah Mcpherson
ip_333,Danielle Romero
ip_334,Rhonda Simpson
ip_335,Stephanie Knox
ip_336,Lynn Cook
ip_337,Peter Herrera
ip_338,David Smith
ip_339,James Jenkins
ip_340,Douglas Ramos
ip_341,Kimberly Perry
ip_342,Barry Lopez
ip_343,Michael Anderson
ip_344,Robert Sanchez
ip_345,Ethan Allen
ip_346,Cody Ortiz
ip_347,Amanda Thompson
ip_348,Kylie Wang
ip_349,Carla Baker
ip_350,Arthur West
ip_351,Alexander Duran
ip_352,Catherine Newton
ip_353,Matthew Griffin
ip_354,Christopher Wallace
ip_355,Richard Lee
ip_356,Tiffany Davis
ip_357,Michael Greer
ip_358,Jonathan Miles
ip_359,Brandon Miller
ip_360,Melissa Guerra
ip_361,Jacob Finley
ip_362,Stephen Woodard
ip_363,Dawn Jones
ip_364,Frances Valenzuela
ip_365,Patrick Russo
ip_366,Thomas Burns
ip_367,Cynthia Gonzales
ip_368,Matthew Williams
ip_369,Melanie Morgan
ip_370,Ruth Martinez
ip_371,Alexandra Beck
ip_372,Ruth Wright
ip_373,Patrick James
ip_374,Danny Wolfe
ip_375,Jill Woods
ip_376,Alexander Schmidt
ip_377,Julia Roberts
ip_378,Samuel Pruitt
ip_379,Lisa Brown
ip_380,Lisa Long
ip_381,Ray Jackson
ip_382,Carla Ramirez
ip_383,Kimberly Bernard
ip_384,Zachary Robinson
ip_385,Brian Green
ip_386,Jeffrey Coleman
ip_387,Tammy Werner
ip_388,Jonathan Gardner
ip_389,Sharon Mclaughlin
ip_390,Kristen Bennett
ip_391,Jennifer Holland
ip_392,Judy Lopez
ip_393,Paul Smith
ip_394,Joseph Wells
ip_395,Seth Cruz
ip_396,Brian Li
ip_397,Jo Norris
ip_398,James Haynes
ip_399,David Hicks
ip_400,Dustin Harrison
ip_401,Kendra Mack
ip_402,Charlotte Ayers
ip_403,Linda Shelton
ip_404,Hunter Fleming
ip_405,Jodi Wong
ip_406,William Gibson
ip_407,Jennifer Thomas
ip_408,James Schwartz
ip_409,Joyce Wright
ip_410,Timothy Cruz
ip_411,Jeffrey Hill
ip_412,Mrs. Kristin Bridges MD
ip_413,Karl Mcintosh
ip_414,Samantha Wiley
ip_415,Nicholas Lam
ip_416,Laura Alvarez
ip_417,Daniel Jackson
ip_418,Maureen Johnson
ip_419,Adriana Raymond
ip_420,Christine Lambert
ip_421,Paige Rollins
ip_422,Michael Bell
ip_423,Cameron Barber
ip_424,Helen Stewart
ip_425,Jason Johnson
ip_426,Amy Harrison
ip_427,Andrew Wyatt
ip_428,Tiffany Hansen
ip_429,Michael Cisneros
ip_430,Emily Coleman
ip_431,Donald Moore
ip_432,Sean Green
ip_433,Jonathan Johnson
ip_434,Benjamin Smith
ip_435,Timothy Smith
ip_436,Michael Douglas
ip_437,Regina Meyers
ip_438,Gerald Buchanan
ip_439,Cindy Huynh
ip_440,Lisa Gates
ip_441,Timothy Ramirez
ip_442,Ashley Ellis
ip_443,Maria Snyder
ip_444,Lee Delacruz DDS
ip_445,Angela Hoffman
ip_446,Maureen Alvarez
ip_447,Mr. William Richardson
ip_448,Ann Morton
ip_449,Scott Smith
ip_450,Richard Lynch
ip_451,Brandon Golden
ip_452,April Lane
ip_453,Andrew Hester
ip_454,Mrs. Allison Herrera
ip_455,Stephanie Jones
ip_456,Dale Bell
ip_457,Kenneth Mcdonald
ip_458,Dwayne Thomas
ip_459,Ms. Cindy Cox DVM
ip_460,Valerie Phillips
ip_461,Roy Moore DDS
ip_462,Paula Evans
ip_463,Kelsey Moore
ip_464,Sharon Perez
ip_465,Leslie Lambert
ip_466,Cathy Clements
ip_467,Vincent Perez
ip_468,Brian Barnes
ip_469,Nathan Castaneda
ip_470,Michael Pacheco
ip_471,Amanda Morrison
ip_472,Rebecca Mccarty
ip_473,Daisy Johnson
ip_474,Brianna Mann
ip_475,Gabriella Torres
ip_476,Sharon Merritt
ip_477,Christopher Ali
ip_478,Christina Clark
ip_479,Angela Lee
ip_480,Nicole Zavala
ip_481,Phillip Ramirez
ip_482,Katie Bailey
ip_483,Donna Wilson
ip_484,Aaron Jones
ip_485,Brian Gomez
ip_486,Lindsay Roberts
ip_487,Tracy Douglas
ip_488,Hailey Lara
ip_489,Elizabeth Kemp
ip_490,Christopher Adams
ip_491,Douglas Jackson
ip_492,Mr. Stephen Mccall
ip_493,Daniel Burns
ip_494,Joel Rojas
ip_495,Krystal Serrano
ip_496,Tamara Walker
ip_497,Erica Johnson
ip_498,Randy Oconnor
ip_499,Mitchell Anderson
ip_500,Craig Bruce
ip_501,Catherine Howard
ip_502,Theresa Martin
ip_503,Diana Wolfe
ip_504,Matthew Cooper
ip_505,Morgan Allen
ip_506,Stephanie Mitchell
ip_507,Martha French PhD
ip_508,Carol Franklin
ip_509,Jason Green
ip_510,Michael Mcgrath
ip_511,Steve Mercado
ip_512,Melissa Leonard
ip_513,Angela Costa
ip_514,Colleen Smith
ip_515,Amanda Matthews
ip_516,Diane Villa
ip_517,Charlene Lynch
ip_518,Isabella Harvey
ip_519,Jennifer Le
ip_520,Robert Wilson
ip_521,Bradley Moore
ip_522,Amy Davis
ip_523,Stephen Phillips
ip_524,Scott Rose
ip_525,Maria Harris
ip_526,Joshua Smith
ip_527,Mary Love
ip_528,Jacob Davidson
ip_529,Richard Mullins
ip_530,Anthony Greene
ip_531,Chelsey Barnes
ip_532,Julia Rogers
ip_533,Kristen Lopez
ip_534,Margaret Watkins
ip_535,Gina Lewis
ip_536,Keith Vargas
ip_537,Benjamin Perez
ip_538,Carolyn Lewis
ip_539,Colin Koch
ip_540,Douglas Duke
ip_541,Anthony Barnes
ip_542,Sara Lee
ip_543,Janet Bell
ip_544,Kathleen Smith
ip_545,Lauren Scott
ip_546,Cheryl Chapman
ip_547,Clayton Jackson
ip_548,Kari Brandt
ip_549,Beth Peterson
ip_550,Richard Allen
ip_551,Robert Cole
ip_552,Aaron Patterson
ip_553,Jonathan Goodwin
ip_554,Michaela Meyer
ip_555,Teresa Massey
ip_556,Thomas Walker
ip_557,Susan Melendez
ip_558,Mark Ibarra
ip_559,Suzanne Sloan
ip_560,Angela Duran
ip_561,Richard Gilbert
ip_562,Timothy Pearson
ip_563,Kimberly Hernandez
ip_564,Louis Diaz
ip_565,Jacob Gonzales
ip_566,Brendan Hayes
ip_567,Jeremy Oliver
ip_568,Jon Murphy
ip_569,Paul Leon
ip_570,Dr. Sean Quinn
ip_571,Steven Hernandez
ip_572,Pamela Garcia
ip_573,Lisa Burnett
ip_574,Ronald Johnson
ip_575,Christine Hansen
ip_576,Philip Mcdonald
ip_577,Mary Mendoza
ip_578,Bruce Martin
ip_579,Jacqueline Garcia
ip_580,Gabriel Hernandez
ip_581,Tara King
ip_582,Jon Bridges
ip_583,Teresa Estes
ip_584,Megan Steele
ip_585,Kevin Moore
ip_586,Michael Smith
ip_587,Bruce Patterson
ip_588,Mr. Michael Villegas
ip_589,Michael Rodriguez
ip_590,Lori Nichols
ip_591,Krystal Johnson
ip_592,Frank Donovan
ip_593,Anne Williams
ip_594,Brittany Hodge
ip_595,Jennifer Duke
ip_596,Gene Douglas
ip_597,Susan Cruz
ip_598,Megan Mahoney
ip_599,Sean Cain
ip_600,Daniel White
ip_601,Regina Ramos
ip_602,William Reid
ip_603,Michael Gates
ip_604,Denise Vega
ip_605,Troy Meyers
ip_606,Jonathan Lewis
ip_607,Mary Atkins
ip_608,Joe Davis
ip_609,Christopher Richardson
ip_610,John Kemp
ip_611,Kevin Ramirez
ip_612,Roger Shea
ip_613,Kimberly Torres
ip_614,Sharon Reynolds
ip_615,Michelle Becker
ip_616,William Fisher
ip_617,Eugene Lin
ip_618,James Weber
ip_619,Jennifer Adams
ip_620,Melissa Arnold
ip_621,Edward Marshall
ip_622,Sandra Pacheco
ip_623,Tina Miller
ip_624,James Garcia
ip_625,Anna Watson
ip_626,Melanie Fritz
ip_627,Cindy Hart
ip_628,Justin Lopez
ip_629,Richard Schneider
ip_630,Jason Skinner
ip_631,Nicholas Harmon
ip_632,Donna Nguyen
ip_633,Cheryl Barrera
ip_634,Amanda Matthews
ip_635,Ryan Carson
ip_636,Steven Hansen
ip_637,Bryan Rosario
ip_638,Mr. Zachary Bryan
ip_639,Natalie Singh
ip_640,Kathryn Leon
ip_641,Timothy Weaver
ip_642,Elaine Allen
ip_643,Kristine Fitzgerald
ip_644,Jeffrey Lucas
ip_645,Andrea Santana
ip_646,Norma Johnson
ip_647,Maria Jones
ip_648,David Green
ip_649,Wanda Phillips
ip_650,Andrea Fitzgerald
ip_651,Yvonne Fisher
ip_652,Katherine Lopez
ip_653,Renee Mack
ip_654,Melissa Donovan
ip_655,Michael Weber MD
ip_656,William White
ip_657,Kimberly Clark
ip_658,Kevin Foley
ip_659,Ashley Brown
ip_660,Brent Page
ip_661,Carol Richards
ip_662,Mr. Kevin Brennan
ip_663,Mrs. Kristin Johnson
ip_664,Kelly Ibarra
ip_665,Dr. Martha Pena
ip_666,Terrance Page
ip_667,Tiffany Strickland
ip_668,Charles Osborne
ip_669,Jenny Keller
ip_670,Kelly Jackson
ip_671,Kevin Turner
ip_672,Matthew Gilbert
ip_673,Scott Patterson
ip_674,Sara Mckinney
ip_675,Ryan Howard
ip_676,Samuel Montgomery
ip_677,Samantha Smith
ip_678,Ronnie Schwartz
ip_679,Isaiah Lloyd
ip_680,Richard Lutz
ip_681,Mrs. Robin Lee
ip_682,Edward Bailey
ip_683,Ashley Carpenter
ip_684,Margaret Smith
ip_685,Katie Good
ip_686,Brian Cook
ip_687,Deborah Greene
ip_688,Melissa Pierce
ip_689,Dennis Williams
ip_690,Jose Long
ip_691,Luis Skinner
ip_692,Wendy Williamson
ip_693,Corey Wolfe
ip_694,Rachel Mckenzie
ip_695,Zoe Howard
ip_696,Randall Lawrence
ip_697,Jamie Mejia
ip_698,Eddie Higgins
ip_699,Sabrina Patel
ip_700,Sharon Young
ip_701,Robert Hernandez
ip_702,Shelia Short
ip_703,John Cox
ip_704,Steven Turner
ip_705,Eddie Mora
ip_706,Kaitlyn Miranda
ip_707,Elizabeth Hernandez
ip_708,Zachary Hernandez
ip_709,Christopher Wells
ip_710,Melissa Nichols
ip_711,Michael Walker
ip_712,Cindy Mitchell
ip_713,April Miller
ip_714,Lisa Thomas
ip_715,Kevin Smith
ip_716,Bobby Armstrong MD
ip_717,Charles Newman
ip_718,Rebecca Hodges
ip_719,Amy Johnson
ip_720,Lisa Morgan
ip_721,Heather Patton MD
ip_722,Victoria Phillips
ip_723,Steve Holmes
ip_724,David Marshall
ip_725,Dale Ferguson
ip_726,Andrea Sloan
ip_727,Donald Gilbert
ip_728,Bradley Hayden
ip_729,Ann Alexander
ip_730,John Lewis
ip_731,Mr. Jacob Nelson MD
ip_732,Jonathan Keller
ip_733,Jessica Schmidt
ip_734,Angela Adams
ip_735,Melanie Mason
ip_736,Tara Munoz
ip_737,Lawrence Cochran MD
ip_738,Russell Anderson
ip_739,John Miller
ip_740,Jessica Rodriguez
ip_741,Veronica Mullen
ip_742,Alison Webster
ip_743,Kimberly Morris
ip_744,Adam Walker
ip_745,Madison Wells
ip_746,Michael Martin
ip_747,Ruben Gordon
ip_748,Alyssa Gonzalez
ip_749,Charles Mccann
ip_750,Nicholas Valentine
ip_751,Amanda Washington
ip_752,Joseph Acosta
ip_753,Heather Casey
ip_754,Edward Blanchard
ip_755,Holly Novak
ip_756,Mackenzie Stewart
ip_757,Carlos Monroe
ip_758,Andrea Ross
ip_759,Tracy Mccarthy
ip_760,Kathryn Harrison
ip_761,Suzanne Perez
ip_762,Gregory Hubbard
ip_763,Michael Bell
ip_764,Bryan Jones
ip_765,Stephanie Johnson
ip_766,Courtney Spears
ip_767,Kayla Barnett
ip_768,Tracy Fox
ip_769,Lori Rodriguez
ip_770,Ashley Moore
ip_771,Kelly Cole
ip_772,Joshua Torres
ip_773,Timothy Bryant
ip_774,Mary Mccarty
ip_775,Jeremy Jordan
ip_776,Steven Walker
ip_777,Lauren Murray
ip_778,Charles Chavez
ip_779,Robert Ross
ip_780,Garrett Sanford
ip_781,Zachary Kemp
ip_782,Jacob Carter
ip_783,Karen Jenkins
ip_784,Anthony Perez Jr.
ip_785,Amanda Mckinney
ip_786,Heather Norman
ip_787,Marco Harris
ip_788,Brandon Murray
ip_789,Eric Alexander
ip_790,Michael Farmer
ip_791,Don Bennett
ip_792,Ronald Perkins
ip_793,Garrett Porter
ip_794,Jack Martinez
ip_795,Anna Williams
ip_796,Daniel Butler
ip_797,Meghan White
ip_798,Heather Silva
ip_799,Mrs. Linda Day
ip_800,Kimberly Briggs
ip_801,Robert Wright
ip_802,Thomas Hoover
ip_803,Kara Hunter
ip_804,Mark Rodriguez
ip_805,Brenda Sweeney
ip_806,Thomas Jenkins
ip_807,Manuel Cook
ip_808,Jonathan Dunlap
ip_809,Michael Johnson
ip_810,Lisa Higgins
ip_811,Jared Lewis
ip_812,Roger Roberts
ip_813,Sonya Lee
ip_814,Brandon Pope
ip_815,Samantha Parker
ip_816,Margaret Adams
ip_817,Daniel Mclean
ip_818,Dr. Matthew Williams
ip_819,Beth Maldonado
ip_820,Steven Brown
ip_821,Tiffany Gallegos
ip_822,Brittney Garcia
ip_823,Danielle Dillon PhD
ip_824,Brittany Smith
ip_825,Jason Morton
ip_826,Pamela Gutierrez
ip_827,Jennifer Rangel
ip_828,Shari Green DDS
ip_829,Robert Jones
ip_830,Kevin Rice
ip_831,Brandon Smith
ip_832,Kathryn Strickland
ip_833,Julie Webb
ip_834,Dawn Baker
ip_835,Rachel Cole
ip_836,Travis Wilson II
ip_837,Sheena Mendoza
ip_838,Mr. Joe Dougherty
ip_839,Jacqueline Gamble
ip_840,Joyce Cruz
ip_841,Christopher Gibson
ip_842,Stephanie Gardner
ip_843,Cynthia Mitchell
ip_844,William Ibarra
ip_845,Jordan Austin
ip_846,Noah Mcneil
ip_847,Corey Hoffman
ip_848,Marcia Bryant
ip_849,Catherine Frey
ip_850,Thomas Brown
ip_851,Nicole Fox
ip_852,Kim Baker
ip_853,Michael Vargas
ip_854,Destiny Obrien
ip_855,Elizabeth Butler
ip_856,Rachel Brown
ip_857,Carla Vazquez
ip_858,Kimberly Clark
ip_859,Marcus Smith
ip_860,Todd Mahoney
ip_861,Antonio Lynch
ip_862,Daniel Ford
ip_863,Brian Gray
ip_864,Andrew Peters
ip_865,Christopher Shields
ip_866,Jennifer Ochoa
ip_867,Rachel Williams
ip_868,Shelley Horn
ip_869,Matthew Hendrix
ip_870,Courtney Freeman
ip_871,Katie Bell
ip_872,Miranda Schmitt
ip_873,Tina Warner
ip_874,Linda Hill
ip_875,Daniel Richardson
ip_876,James Johnson DDS
ip_877,Andrew Adams
ip_878,Anthony Duarte
ip_879,Alicia Nelson
ip_880,David Ramos
ip_881,Chad Erickson DDS
ip_882,Lucas Rogers
ip_883,Brooke Smith
ip_884,Michael Franklin
ip_885,Gary Joyce
ip_886,Shawn Turner
ip_887,Kristen Duncan
ip_888,Donna Kemp
ip_889,Donna Andersen
ip_890,Jeffery Bryan
ip_891,Jay Shepard
ip_892,Joseph Fowler
ip_893,Adam Conner
ip_894,Olivia Benton
ip_895,Laura Smith
ip_896,Maria Brewer
ip_897,Jessica Paul
ip_898,Jennifer Alexander
ip_899,Andrew Hanson
ip_900,Kristen Baird
ip_901,Michael Carr
ip_902,Angela Dudley
ip_903,Tyler Morris
ip_904,Joanna Price
ip_905,Kathryn Booker
ip_906,Jeffrey Hanson MD
ip_907,Timothy Edwards
ip_908,Keith Johnson
ip_909,Walter Jordan
ip_910,Dr. Paula Anderson
ip_911,Duane Hill
ip_912,James Gaines
ip_913,Scott Aguilar
ip_914,Derek Love
ip_915,Jeremy Benjamin
ip_916,Curtis Casey
ip_917,Mark Duran
ip_918,Matthew Gregory
ip_919,Dr. Kelly Johnson
ip_920,Brittany Savage
ip_921,William Hayes
ip_922,Paul Harris
ip_923,Eric Taylor
ip_924,Dana Gutierrez
ip_925,Shaun Young
ip_926,Courtney Tucker
ip_927,Alicia Spears
ip_928,Christopher Patterson
ip_929,Kristen Scott
ip_930,Nathan Carter
ip_931,Tiffany Cervantes
ip_932,Jeremy Anderson
ip_933,Carol Dalton DDS
ip_934,Phyllis Shields
ip_935,Andrew Vasquez
ip_936,Dana West
ip_937,Chad Guzman
ip_938,Christopher Wright
ip_939,Kristine Mccoy MD
ip_940,Corey Wolf
ip_941,April Carlson
ip_942,Kimberly Valenzuela
ip_943,Jennifer Clark
ip_944,Lauren Cooper
ip_945,Robert Edwards
ip_946,Jeffrey Haley
ip_947,Patrick Hawkins
ip_948,Deborah Gregory
ip_949,Hannah Bell
ip_950,Richard Lee
ip_951,Bryan Hunter
ip_952,Kathryn Frost MD
ip_953,Joshua Thompson
ip_954,Shawn Taylor
ip_955,Barbara Mason
ip_956,Susan Booth
ip_957,Randall Kline
ip_958,Lindsay Ellis
ip_959,Ryan Huber
ip_960,Mary Kirk
ip_961,Joshua Thompson
ip_962,Kimberly Johnson
ip_963,Heather Guzman
ip_964,Michelle Montoya
ip_965,David Juarez
ip_966,Dean Boone
ip_967,Lisa Roberson
ip_968,Vincent Davis
ip_969,Gary Morgan
ip_970,Jason Carroll
ip_971,Matthew Jackson
ip_972,Traci Serrano
ip_973,Michelle Bailey
ip_974,Shannon Marshall
ip_975,James Mason
ip_976,Timothy Miller
ip_977,Michael Sexton
ip_978,Timothy Owens
ip_979,Richard Bailey
ip_980,Megan Smith
ip_981,Eric Jackson
ip_982,Sarah Hendrix
ip_983,Vickie Summers
ip_984,Philip Smith
ip_985,Anita Harrison
ip_986,Corey Woods
ip_987,Russell Silva
ip_988,Paul Ramirez
ip_989,David Stuart
ip_990,Kendra Jackson
ip_991,William Mcdonald
ip_992,Christopher Pacheco
ip_993,Sierra Wallace
ip_994,David Green
ip_995,Debra Glover
ip_996,Mr. Matthew Rosales MD
ip_997,Bobby Jackson
ip_998,Sabrina Perez MD
ip_999,Heather Russell
