client_2962,rel_67899
client_6231,rel_75784
client_21340,rel_17812
client_91464,rel_26132
client_58418,rel_67584
client_17938,rel_82495
client_68884,rel_26341
client_69068,rel_38681
client_49428,rel_96005
client_74585,rel_84185
client_12013,rel_50566
client_39608,rel_27875
client_53283,rel_85034
client_68263,rel_48687
client_94654,rel_38244
client_29514,rel_13866
client_92847,rel_59851
client_62595,rel_55450
client_1090,rel_41047
client_30552,rel_86592
client_57114,rel_96968
client_11072,rel_58827
client_40675,rel_66289
client_96303,rel_92731
client_3942,rel_19085
client_18482,rel_56320
client_69897,rel_50471
client_97586,rel_68358
client_73380,rel_47469
client_81095,rel_56139
client_27015,rel_68373
client_59368,rel_22329
client_64351,rel_49486
client_36788,rel_37884
client_4179,rel_44553
client_36905,rel_16902
client_16083,rel_43050
client_43948,rel_64175
client_40625,rel_92077
client_13100,rel_57410
client_64838,rel_15234
client_43891,rel_54162
client_38847,rel_25614
client_92265,rel_56889
client_94303,rel_53992
client_74857,rel_99105
client_89716,rel_9897
client_18045,rel_14133
client_22807,rel_57656
client_72449,rel_21117
client_17894,rel_62289
client_2147,rel_30625
client_48795,rel_21880
client_92858,rel_83141
client_33292,rel_44012
client_31115,rel_28
client_63616,rel_4154
client_4302,rel_18794
client_93987,rel_67943
client_91952,rel_37567
client_78609,rel_87491
client_30878,rel_42512
client_65915,rel_92556
client_93534,rel_18171
client_16288,rel_61858
client_46525,rel_90185
client_2183,rel_3261
client_76052,rel_6604
client_19792,rel_79507
client_27318,rel_88345
client_10562,rel_16520
client_44386,rel_82164
client_78667,rel_49393
client_56930,rel_74257
client_80785,rel_89171
client_23396,rel_56264
client_73715,rel_87191
client_46379,rel_70836
client_86098,rel_29020
client_56651,rel_23742
client_1092,rel_87707
client_53257,rel_80947
client_10746,rel_6102
client_50758,rel_19445
client_5605,rel_42083
client_40374,rel_69459
client_54150,rel_77910
client_14685,rel_16756
client_79724,rel_2132
client_1420,rel_90341
client_848,rel_47854
client_5856,rel_91326
client_4976,rel_63520
client_35246,rel_10472
client_59487,rel_60331
client_99893,rel_54639
client_52218,rel_4306
client_18016,rel_5414
client_6069,rel_13824
client_55128,rel_7059
