client_36527,ip_554
client_85919,ip_444
client_73006,ip_496
client_87741,ip_576
client_14542,ip_369
client_17156,ip_478
client_50738,ip_893
client_81919,ip_451
client_61061,ip_876
client_39554,ip_155
client_29362,ip_418
client_14342,ip_333
client_77926,ip_827
client_36880,ip_251
client_11628,ip_20
client_11119,ip_645
client_82576,ip_200
client_40779,ip_127
client_55637,ip_401
client_25291,ip_599
client_20382,ip_141
client_76259,ip_16
client_76713,ip_872
client_56716,ip_639
client_53500,ip_454
client_35696,ip_969
client_29470,ip_92
client_66101,ip_184
client_56259,ip_496
client_62405,ip_808
client_28815,ip_179
client_36319,ip_643
client_96414,ip_274
client_99235,ip_592
client_19278,ip_977
client_51575,ip_190
client_45396,ip_474
client_38914,ip_505
client_59745,ip_184
client_11578,ip_73
client_14929,ip_755
client_93489,ip_255
client_60432,ip_323
client_49787,ip_354
client_94130,ip_197
client_95323,ip_578
client_94494,ip_729
client_98095,ip_51
client_88439,ip_406
client_86153,ip_3
client_23197,ip_847
client_39762,ip_519
client_51300,ip_827
client_67747,ip_576
client_23310,ip_964
client_88860,ip_735
client_57597,ip_818
client_67034,ip_137
client_26417,ip_474
client_88096,ip_851
client_93851,ip_703
client_47224,ip_732
client_45399,ip_252
client_19704,ip_723
client_45337,ip_830
client_52679,ip_674
client_30944,ip_770
client_75733,ip_739
client_34008,ip_100
client_99488,ip_784
client_24406,ip_679
client_20034,ip_915
client_53103,ip_731
client_98222,ip_640
client_53398,ip_674
client_32058,ip_83
client_2080,ip_693
client_21541,ip_565
client_43599,ip_737
client_85803,ip_722
client_50408,ip_770
client_55428,ip_473
client_69044,ip_973
client_77894,ip_641
client_76478,ip_143
client_57907,ip_87
client_69574,ip_502
client_69145,ip_696
client_56677,ip_231
client_44738,ip_868
client_43348,ip_433
client_93526,ip_864
client_21319,ip_826
client_48755,ip_935
client_97055,ip_848
client_39759,ip_649
client_82246,ip_952
client_15937,ip_864
client_79762,ip_759
client_39761,ip_609
