client_82405,loc_54298
client_60250,loc_27268
client_72672,loc_25973
client_59299,loc_167454
client_87418,loc_18322
client_29271,loc_37851
client_1529,loc_101660
client_3300,loc_8113
client_31628,loc_115123
client_19002,loc_179061
client_45446,loc_169872
client_89360,loc_194196
client_67743,loc_12521
client_57199,loc_150224
client_86620,loc_140127
client_12689,loc_143726
client_9187,loc_184013
client_15799,loc_70297
client_9923,loc_66192
client_41678,loc_77795
client_60453,loc_65163
client_80834,loc_152184
client_11400,loc_116806
client_14883,loc_64706
client_49277,loc_61192
client_1334,loc_182036
client_2433,loc_81396
client_80693,loc_161773
client_2493,loc_101446
client_7939,loc_11568
client_87902,loc_165354
client_99331,loc_180012
client_96201,loc_52452
client_15620,loc_39830
client_78416,loc_153435
client_89249,loc_137114
client_63117,loc_82507
client_61934,loc_97396
client_288,loc_194857
client_3113,loc_36936
client_57353,loc_7432
client_92780,loc_61224
client_52396,loc_46650
client_10106,loc_35191
client_65687,loc_70701
client_71589,loc_151333
client_72438,loc_163349
client_68649,loc_181896
client_12400,loc_141381
client_25005,loc_22416
client_42259,loc_153595
client_37529,loc_166791
client_612,loc_185212
client_164,loc_49779
client_35194,loc_116591
client_12790,loc_173148
client_6173,loc_92878
client_85213,loc_171302
client_96771,loc_39359
client_80661,loc_35020
client_5585,loc_83103
client_79723,loc_46172
client_82405,loc_145112
client_98726,loc_146716
client_91867,loc_82970
client_60231,loc_150045
client_18533,loc_19135
client_82860,loc_126711
client_33294,loc_17694
client_47598,loc_37983
client_9793,loc_173595
client_62425,loc_42723
client_92423,loc_13705
client_64642,loc_152378
client_41013,loc_47429
client_47312,loc_115591
client_38757,loc_68714
client_89331,loc_145113
client_88412,loc_9338
client_58418,loc_87933
client_94928,loc_199166
client_79544,loc_55361
client_84658,loc_135632
client_78483,loc_59664
client_47819,loc_168290
client_62109,loc_64105
client_31591,loc_96462
client_43144,loc_181185
client_65147,loc_22510
client_34263,loc_143793
client_7637,loc_167150
client_68406,loc_19048
client_67923,loc_134338
client_49754,loc_37488
client_79231,loc_151424
client_95212,loc_191821
client_45250,loc_159227
client_82153,loc_104576
client_4572,loc_18737
client_41143,loc_128103
