client_13949,acc_7407
client_89095,acc_7264
client_28289,acc_9310
client_20465,acc_3689
client_75073,acc_3175
client_13620,acc_9148
client_56469,acc_2244
client_92066,acc_5667
client_29853,acc_769
client_59391,acc_861
client_11637,acc_3135
client_24931,acc_5976
client_84152,acc_1364
client_48297,acc_952
client_87937,acc_3791
client_63927,acc_2061
client_89787,acc_8527
client_22925,acc_6908
client_46475,acc_7426
client_92869,acc_3772
client_94925,acc_897
client_28156,acc_2958
client_82352,acc_6365
client_67664,acc_3054
client_84157,acc_3830
client_88830,acc_6755
client_29459,acc_4624
client_4670,acc_9967
client_21278,acc_9505
client_5458,acc_1107
client_70330,acc_5471
client_34489,acc_3331
client_16164,acc_8053
client_14005,acc_4896
client_8384,acc_2648
client_88351,acc_8925
client_98726,acc_3531
client_66987,acc_3754
client_62726,acc_2060
client_79428,acc_6589
client_68925,acc_6005
client_43904,acc_4258
client_42119,acc_4180
client_83638,acc_3554
client_93018,acc_5591
client_82657,acc_6041
client_626,acc_2670
client_90895,acc_870
client_53034,acc_4994
client_3041,acc_1755
client_21672,acc_6313
client_1777,acc_5673
client_66434,acc_8491
client_97638,acc_5407
client_69143,acc_6078
client_95536,acc_685
client_11736,acc_9821
client_22647,acc_6852
client_35525,acc_8685
client_82517,acc_4802
client_21615,acc_8886
client_17054,acc_1357
client_33460,acc_1149
client_15642,acc_4640
client_20459,acc_8626
client_72509,acc_9303
client_48043,acc_975
client_2836,acc_7178
client_9517,acc_8978
client_28128,acc_5577
client_62506,acc_2769
client_93139,acc_3948
client_77850,acc_3732
client_43420,acc_1504
client_55024,acc_8206
client_59890,acc_4108
client_89476,acc_5116
client_45222,acc_1224
client_70770,acc_5661
client_28011,acc_3705
client_41146,acc_3710
client_59807,acc_3832
client_6459,acc_4332
client_78418,acc_9364
client_38268,acc_5658
client_44991,acc_9040
client_36048,acc_573
client_2922,acc_4702
client_58466,acc_2393
client_93523,acc_722
client_71861,acc_2444
client_55186,acc_9464
client_50027,acc_253
client_11278,acc_855
client_86532,acc_4651
client_84698,acc_7489
client_22522,acc_1665
client_22350,acc_2012
client_84284,acc_5087
client_32185,acc_7996
