acc_7481,transaction_50873
acc_3790,transaction_72028
acc_5856,transaction_3734
acc_5332,transaction_49905
acc_3460,transaction_39644
acc_1092,transaction_60914
acc_1198,transaction_42851
acc_2549,transaction_9436
acc_3428,transaction_63156
acc_1989,transaction_20550
acc_5974,transaction_44424
acc_4404,transaction_91092
acc_731,transaction_6880
acc_1748,transaction_20132
acc_4959,transaction_56995
acc_6175,transaction_13538
acc_7992,transaction_77094
acc_1887,transaction_66400
acc_1482,transaction_70386
acc_5029,transaction_79295
acc_3125,transaction_26272
acc_1474,transaction_32004
acc_5229,transaction_92618
acc_9962,transaction_15898
acc_3459,transaction_90432
acc_2798,transaction_68015
acc_4385,transaction_64460
acc_4614,transaction_62371
acc_8538,transaction_77138
acc_1840,transaction_15191
acc_6857,transaction_90301
acc_8021,transaction_42847
acc_606,transaction_84304
acc_7449,transaction_36976
acc_2161,transaction_52843
acc_5815,transaction_96557
acc_3995,transaction_22742
acc_6394,transaction_47557
acc_5581,transaction_21369
acc_3190,transaction_6124
acc_622,transaction_61040
acc_3448,transaction_46857
acc_476,transaction_61263
acc_7233,transaction_92160
acc_565,transaction_82659
acc_5012,transaction_67081
acc_8565,transaction_86608
acc_7609,transaction_37
acc_3964,transaction_3452
acc_1034,transaction_62991
acc_1093,transaction_40262
acc_1709,transaction_94407
acc_3843,transaction_86884
acc_7910,transaction_9964
acc_7625,transaction_22194
acc_4868,transaction_29725
acc_5974,transaction_4584
acc_7769,transaction_43798
acc_2931,transaction_36195
acc_1436,transaction_59521
acc_629,transaction_77628
acc_7212,transaction_92272
acc_306,transaction_90444
acc_4442,transaction_41022
acc_283,transaction_11519
acc_1854,transaction_21340
acc_4087,transaction_25089
acc_368,transaction_44712
acc_466,transaction_1681
acc_1846,transaction_18873
acc_7801,transaction_46049
acc_166,transaction_89617
acc_7998,transaction_75572
acc_4796,transaction_64675
acc_2860,transaction_12548
acc_9672,transaction_60249
acc_9573,transaction_80235
acc_640,transaction_12038
acc_9518,transaction_31598
acc_4152,transaction_36111
acc_7524,transaction_69532
acc_8493,transaction_29544
acc_5627,transaction_19129
acc_4732,transaction_51901
acc_5000,transaction_81977
acc_9285,transaction_63454
acc_9875,transaction_49096
acc_5855,transaction_83323
acc_2903,transaction_62549
acc_317,transaction_8167
acc_8532,transaction_83770
acc_4265,transaction_26573
acc_5715,transaction_29337
acc_3366,transaction_80309
acc_566,transaction_93796
acc_4760,transaction_11129
acc_1153,transaction_69489
acc_4424,transaction_66494
acc_5166,transaction_3297
acc_4776,transaction_27632
