acc_5412,ip_596
acc_8808,ip_9
acc_6612,ip_203
acc_4514,ip_654
acc_7850,ip_512
acc_5044,ip_357
acc_3830,ip_749
acc_5827,ip_115
acc_3025,ip_856
acc_9577,ip_97
acc_1903,ip_689
acc_9407,ip_389
acc_367,ip_480
acc_735,ip_936
acc_1510,ip_149
acc_5966,ip_453
acc_3360,ip_113
acc_7891,ip_470
acc_1302,ip_388
acc_1957,ip_205
acc_7838,ip_815
acc_5608,ip_461
acc_1063,ip_767
acc_2774,ip_72
acc_7872,ip_800
acc_2546,ip_307
acc_5906,ip_556
acc_8787,ip_835
acc_5598,ip_571
acc_5939,ip_505
acc_1362,ip_669
acc_2611,ip_488
acc_7045,ip_145
acc_2949,ip_922
acc_6600,ip_483
acc_4439,ip_364
acc_2687,ip_194
acc_9145,ip_104
acc_162,ip_560
acc_8540,ip_847
acc_6500,ip_350
acc_3709,ip_321
acc_9223,ip_62
acc_8517,ip_832
acc_5962,ip_140
acc_5444,ip_140
acc_8966,ip_553
acc_449,ip_203
acc_6664,ip_234
acc_239,ip_71
acc_6526,ip_660
acc_9450,ip_735
acc_6395,ip_774
acc_3811,ip_249
acc_1662,ip_180
acc_3461,ip_853
acc_7356,ip_743
acc_5500,ip_209
acc_3638,ip_68
acc_3825,ip_932
acc_1940,ip_259
acc_2777,ip_876
acc_7801,ip_53
acc_8335,ip_148
acc_530,ip_315
acc_107,ip_55
acc_3760,ip_851
acc_5403,ip_689
acc_4070,ip_333
acc_4998,ip_239
acc_9210,ip_921
acc_8796,ip_685
acc_6079,ip_649
acc_8992,ip_446
acc_815,ip_403
acc_8277,ip_326
acc_3355,ip_722
acc_3508,ip_390
acc_8009,ip_157
acc_5654,ip_470
acc_1783,ip_937
acc_2134,ip_362
acc_2067,ip_502
acc_2418,ip_823
acc_1824,ip_291
acc_7108,ip_24
acc_4161,ip_481
acc_1219,ip_786
acc_4167,ip_55
acc_2400,ip_596
acc_976,ip_961
acc_4998,ip_814
acc_9960,ip_74
acc_8752,ip_227
acc_2290,ip_610
acc_8194,ip_319
acc_6367,ip_600
acc_2460,ip_867
acc_4288,ip_839
acc_962,ip_607
