transaction_23084,ip_197
transaction_88577,ip_524
transaction_12093,ip_425
transaction_21589,ip_559
transaction_81439,ip_273
transaction_84028,ip_549
transaction_72994,ip_370
transaction_55889,ip_5
transaction_74923,ip_763
transaction_39736,ip_708
transaction_43699,ip_165
transaction_91790,ip_86
transaction_88300,ip_237
transaction_54393,ip_739
transaction_97393,ip_380
transaction_49372,ip_542
transaction_81822,ip_740
transaction_42370,ip_970
transaction_94737,ip_183
transaction_92257,ip_341
transaction_20222,ip_145
transaction_35212,ip_575
transaction_86874,ip_933
transaction_18121,ip_575
transaction_90137,ip_520
transaction_48185,ip_925
transaction_14286,ip_399
transaction_66224,ip_335
transaction_47056,ip_305
transaction_52378,ip_613
transaction_12596,ip_166
transaction_18829,ip_225
transaction_25293,ip_266
transaction_68452,ip_703
transaction_24318,ip_74
transaction_21573,ip_739
transaction_54712,ip_208
transaction_55504,ip_741
transaction_9040,ip_992
transaction_17075,ip_432
transaction_83256,ip_962
transaction_60036,ip_578
transaction_84701,ip_441
transaction_37495,ip_728
transaction_98813,ip_349
transaction_84357,ip_300
transaction_56792,ip_70
transaction_16051,ip_983
transaction_4038,ip_470
transaction_39859,ip_587
transaction_3220,ip_551
transaction_31157,ip_186
transaction_15654,ip_282
transaction_1126,ip_115
transaction_91300,ip_587
transaction_96400,ip_494
transaction_59550,ip_978
transaction_84320,ip_768
transaction_56553,ip_156
transaction_15889,ip_451
transaction_13501,ip_894
transaction_63532,ip_990
transaction_29506,ip_336
transaction_34049,ip_807
transaction_42452,ip_641
transaction_45030,ip_369
transaction_34205,ip_114
transaction_94236,ip_721
transaction_70274,ip_317
transaction_48740,ip_143
transaction_50350,ip_697
transaction_90134,ip_308
transaction_66112,ip_702
transaction_11744,ip_327
transaction_32918,ip_795
transaction_46246,ip_506
transaction_59359,ip_603
transaction_66013,ip_610
transaction_15402,ip_785
transaction_42335,ip_609
transaction_45964,ip_132
transaction_16542,ip_239
transaction_79939,ip_517
transaction_69184,ip_791
transaction_46093,ip_232
transaction_58317,ip_810
transaction_52800,ip_778
transaction_71514,ip_919
transaction_39310,ip_228
transaction_18508,ip_538
transaction_81776,ip_286
transaction_13775,ip_801
transaction_40036,ip_325
transaction_1097,ip_230
transaction_1165,ip_944
transaction_41741,ip_498
transaction_74073,ip_985
transaction_30010,ip_552
transaction_37517,ip_462
transaction_73112,ip_216
