acc_3151,transaction_39907
acc_7963,transaction_7582
acc_7542,transaction_43776
acc_2873,transaction_18955
acc_8150,transaction_18303
acc_8453,transaction_34530
acc_1384,transaction_65546
acc_6716,transaction_69921
acc_503,transaction_42163
acc_4097,transaction_78114
acc_2159,transaction_42292
acc_4151,transaction_8861
acc_5181,transaction_73360
acc_4153,transaction_82615
acc_679,transaction_37869
acc_9649,transaction_11897
acc_5433,transaction_55314
acc_4759,transaction_37016
acc_5929,transaction_98300
acc_9711,transaction_73717
acc_8493,transaction_91595
acc_5634,transaction_62277
acc_3269,transaction_9476
acc_8189,transaction_53431
acc_359,transaction_6487
acc_1105,transaction_4587
acc_8841,transaction_46917
acc_7620,transaction_77785
acc_9940,transaction_36787
acc_2457,transaction_2055
acc_7074,transaction_80890
acc_9555,transaction_49810
acc_3187,transaction_64179
acc_6873,transaction_93644
acc_6793,transaction_50194
acc_9054,transaction_76386
acc_3596,transaction_93960
acc_2736,transaction_71180
acc_4733,transaction_98778
acc_9850,transaction_22123
acc_407,transaction_70649
acc_3308,transaction_19341
acc_6649,transaction_59934
acc_6539,transaction_95965
acc_9922,transaction_79747
acc_9677,transaction_6971
acc_7078,transaction_39734
acc_1776,transaction_66672
acc_5194,transaction_85445
acc_7758,transaction_60500
acc_6872,transaction_34488
acc_8868,transaction_23991
acc_7010,transaction_13727
acc_3428,transaction_49277
acc_7183,transaction_91835
acc_6159,transaction_19649
acc_3420,transaction_52994
acc_7858,transaction_27962
acc_9048,transaction_430
acc_1980,transaction_13213
acc_2166,transaction_35270
acc_1062,transaction_30645
acc_9417,transaction_94462
acc_7741,transaction_90161
acc_2507,transaction_12230
acc_7672,transaction_16691
acc_7059,transaction_83504
acc_5423,transaction_59228
acc_3469,transaction_72567
acc_2498,transaction_98616
acc_3395,transaction_98394
acc_6485,transaction_20898
acc_3485,transaction_48379
acc_4650,transaction_66694
acc_9168,transaction_39858
acc_8301,transaction_11467
acc_7916,transaction_79689
acc_2095,transaction_60086
acc_7041,transaction_1976
acc_610,transaction_23993
acc_3331,transaction_58195
acc_391,transaction_31153
acc_9706,transaction_55569
acc_604,transaction_38526
acc_4448,transaction_38192
acc_978,transaction_1820
acc_5815,transaction_5736
acc_1064,transaction_61005
acc_83,transaction_69989
acc_748,transaction_18266
acc_2674,transaction_57606
acc_4231,transaction_41264
acc_6292,transaction_45050
acc_7270,transaction_51647
acc_9224,transaction_32069
acc_2330,transaction_62140
acc_6820,transaction_58704
acc_7478,transaction_19939
acc_9416,transaction_26834
acc_8858,transaction_28849
