transaction_88735,acc_5749
transaction_34832,acc_5444
transaction_29104,acc_7208
transaction_20676,acc_6887
transaction_1551,acc_7268
transaction_914,acc_1315
transaction_3753,acc_246
transaction_13940,acc_1046
transaction_19074,acc_1198
transaction_96298,acc_9864
transaction_34951,acc_9762
transaction_50331,acc_2434
transaction_99398,acc_3741
transaction_97494,acc_2550
transaction_61206,acc_432
transaction_37844,acc_7886
transaction_9007,acc_7205
transaction_13696,acc_7921
transaction_86605,acc_2848
transaction_42838,acc_292
transaction_79318,acc_5742
transaction_95333,acc_2889
transaction_10052,acc_2713
transaction_76534,acc_5975
transaction_59016,acc_3863
transaction_82769,acc_1817
transaction_44060,acc_5599
transaction_76244,acc_7000
transaction_47328,acc_4274
transaction_80485,acc_9830
transaction_15148,acc_4027
transaction_63243,acc_8692
transaction_40755,acc_7474
transaction_82070,acc_5949
transaction_20126,acc_7774
transaction_50245,acc_9641
transaction_86673,acc_2027
transaction_1610,acc_8756
transaction_10872,acc_7208
transaction_85632,acc_5414
transaction_29766,acc_2066
transaction_94352,acc_8857
transaction_35293,acc_2654
transaction_98109,acc_5467
transaction_96906,acc_3041
transaction_94209,acc_5757
transaction_97445,acc_7528
transaction_59041,acc_6483
transaction_88642,acc_2650
transaction_14724,acc_1980
transaction_39603,acc_773
transaction_78343,acc_1929
transaction_79797,acc_91
transaction_28623,acc_6125
transaction_10104,acc_6573
transaction_74979,acc_6210
transaction_64942,acc_7237
transaction_46330,acc_4241
transaction_3065,acc_6205
transaction_49073,acc_9609
transaction_19313,acc_4304
transaction_90010,acc_4491
transaction_34175,acc_5333
transaction_97537,acc_6887
transaction_45178,acc_5207
transaction_58213,acc_1552
transaction_60356,acc_6149
transaction_65095,acc_9667
transaction_22266,acc_1325
transaction_83538,acc_8569
transaction_91108,acc_7202
transaction_77792,acc_219
transaction_10722,acc_1939
transaction_568,acc_3527
transaction_41058,acc_4247
transaction_19641,acc_3011
transaction_85762,acc_8251
transaction_44803,acc_2794
transaction_46403,acc_7975
transaction_32895,acc_7278
transaction_97709,acc_6736
transaction_4316,acc_839
transaction_41035,acc_2246
transaction_42209,acc_3775
transaction_3148,acc_4624
transaction_47595,acc_7255
transaction_8768,acc_2973
transaction_32885,acc_9557
transaction_27806,acc_1779
transaction_29681,acc_5046
transaction_75575,acc_3891
transaction_10900,acc_2224
transaction_71174,acc_5706
transaction_1874,acc_1560
transaction_27561,acc_9338
transaction_64441,acc_842
transaction_78394,acc_5672
transaction_3876,acc_2373
transaction_49233,acc_4720
transaction_37088,acc_3499
