voucher_0,1992-01-03,
voucher_1,1974-10-13,
voucher_2,1974-03-18,
voucher_3,1998-10-06,
voucher_4,2011-06-02,
voucher_5,1972-04-05,
voucher_6,1975-02-13,
voucher_7,1997-03-18,
voucher_8,2019-10-01,
voucher_9,1976-02-05,
voucher_10,1997-05-02,
voucher_11,2018-09-25,
voucher_12,2001-04-12,
voucher_13,1979-08-26,
voucher_14,1988-02-16,
voucher_15,1989-04-26,
voucher_16,1990-06-23,
voucher_17,1995-06-02,
voucher_18,2018-12-28,
voucher_19,2014-06-18,
voucher_20,1977-03-25,
voucher_21,1999-02-15,
voucher_22,1990-02-05,
voucher_23,1978-03-19,
voucher_24,1990-11-16,
voucher_25,1983-01-23,
voucher_26,2009-03-06,
voucher_27,1987-02-27,
voucher_28,1971-02-02,
voucher_29,1992-07-25,
voucher_30,1977-05-29,
voucher_31,2001-07-01,
voucher_32,1986-01-01,
voucher_33,1978-11-30,
voucher_34,1980-12-19,
voucher_35,1997-06-01,
voucher_36,2021-06-12,
voucher_37,1995-04-27,
voucher_38,1973-09-06,
voucher_39,1989-08-17,
voucher_40,2012-09-15,
voucher_41,1996-09-15,
voucher_42,1979-11-18,
voucher_43,1985-03-06,
voucher_44,2022-04-07,
voucher_45,1972-09-03,
voucher_46,1987-12-06,
voucher_47,2021-12-21,
voucher_48,2022-07-07,
voucher_49,2015-02-24,
voucher_50,1996-11-10,
voucher_51,1976-12-05,
voucher_52,2010-10-07,
voucher_53,1980-10-30,
voucher_54,1982-11-22,
voucher_55,2022-02-26,
voucher_56,1981-04-24,
voucher_57,2001-05-27,
voucher_58,2003-01-27,
voucher_59,2009-10-20,
voucher_60,2003-08-16,
voucher_61,2018-03-26,
voucher_62,2009-07-28,
voucher_63,1985-07-11,
voucher_64,2019-05-25,
voucher_65,1973-12-26,
voucher_66,2014-10-24,
voucher_67,1985-08-09,
voucher_68,1997-05-31,
voucher_69,1977-08-19,
voucher_70,1982-02-26,
voucher_71,2014-06-09,
voucher_72,1991-03-07,
voucher_73,2002-03-11,
voucher_74,1976-11-06,
voucher_75,1973-09-23,
voucher_76,2016-09-18,
voucher_77,1993-05-09,
voucher_78,1973-01-11,
voucher_79,2009-11-26,
voucher_80,2002-09-17,
voucher_81,1980-09-09,
voucher_82,2006-03-21,
voucher_83,2002-08-31,
voucher_84,1994-04-05,
voucher_85,1988-12-29,
voucher_86,1985-02-02,
voucher_87,2010-02-25,
voucher_88,1991-08-08,
voucher_89,1978-06-13,
voucher_90,1996-08-28,
voucher_91,1999-12-29,
voucher_92,1993-05-03,
voucher_93,1995-04-16,
voucher_94,1978-03-25,
voucher_95,2000-06-14,
voucher_96,1977-01-21,
voucher_97,1972-02-13,
voucher_98,2001-08-20,
voucher_99,1980-05-23,
voucher_100,1977-06-02,
voucher_101,1975-09-19,
voucher_102,1973-11-06,
voucher_103,2003-10-17,
voucher_104,1982-01-10,
voucher_105,2016-07-13,
voucher_106,2000-03-12,
voucher_107,2002-09-05,
voucher_108,2000-01-13,
voucher_109,2020-10-15,
voucher_110,1996-03-20,
voucher_111,2006-07-03,
voucher_112,2008-10-03,
voucher_113,1970-09-26,
voucher_114,2020-02-09,
voucher_115,1992-04-29,
voucher_116,1989-10-22,
voucher_117,2011-08-16,
voucher_118,2009-10-10,
voucher_119,1996-07-19,
voucher_120,2013-12-22,
voucher_121,2003-01-26,
voucher_122,1999-01-29,
voucher_123,2013-10-26,
voucher_124,1988-10-24,
voucher_125,1997-02-28,
voucher_126,2021-07-28,
voucher_127,2001-04-14,
voucher_128,1977-08-25,
voucher_129,1970-12-12,
voucher_130,2020-08-23,
voucher_131,1992-04-11,
voucher_132,2019-11-18,
voucher_133,1978-07-23,
voucher_134,1978-11-27,
voucher_135,2010-02-12,
voucher_136,2000-01-09,
voucher_137,1996-12-27,
voucher_138,2015-08-02,
voucher_139,1970-06-09,
voucher_140,2004-12-13,
voucher_141,2009-12-02,
voucher_142,1991-08-22,
voucher_143,1984-03-28,
voucher_144,1980-02-10,
voucher_145,1998-05-22,
voucher_146,2004-11-01,
voucher_147,1981-02-03,
voucher_148,1987-05-16,
voucher_149,1980-07-24,
voucher_150,1991-09-01,
voucher_151,2000-07-10,
voucher_152,1977-04-09,
voucher_153,1973-03-02,
voucher_154,1977-01-05,
voucher_155,1970-12-07,
voucher_156,1983-04-28,
voucher_157,2016-02-29,
voucher_158,2011-02-28,
voucher_159,2009-08-01,
voucher_160,2021-07-15,
voucher_161,1986-08-02,
voucher_162,2010-10-31,
voucher_163,2001-11-24,
voucher_164,2015-04-18,
voucher_165,1986-08-22,
voucher_166,1989-08-23,
voucher_167,2004-11-22,
voucher_168,1975-04-09,
voucher_169,2005-09-30,
voucher_170,1984-02-24,
voucher_171,1977-08-20,
voucher_172,2005-04-28,
voucher_173,1995-03-14,
voucher_174,2017-04-19,
voucher_175,2015-03-04,
voucher_176,1992-01-07,
voucher_177,2002-12-01,
voucher_178,1977-09-17,
voucher_179,1989-11-17,
voucher_180,1973-05-24,
voucher_181,1989-03-12,
voucher_182,1997-02-21,
voucher_183,1994-12-24,
voucher_184,1975-02-17,
voucher_185,1985-04-28,
voucher_186,1978-03-09,
voucher_187,1975-12-19,
voucher_188,2017-02-06,
voucher_189,1977-05-15,
voucher_190,1985-12-12,
voucher_191,1989-01-17,
voucher_192,1990-10-18,
voucher_193,2004-03-12,
voucher_194,2007-04-13,
voucher_195,1974-06-12,
voucher_196,2000-06-20,
voucher_197,1986-02-18,
voucher_198,1970-06-23,
voucher_199,2019-04-06,
