client_76755,voucher_71
client_15327,voucher_51
client_86724,voucher_145
client_83037,voucher_59
client_63123,voucher_63
client_38583,voucher_8
client_74326,voucher_126
client_4647,voucher_85
client_1131,voucher_42
client_76458,voucher_97
client_57877,voucher_17
client_55610,voucher_131
client_73012,voucher_139
client_39270,voucher_193
client_84659,voucher_142
client_26895,voucher_17
client_43972,voucher_130
client_41003,voucher_103
client_52871,voucher_142
client_52190,voucher_76
client_60368,voucher_156
client_39286,voucher_68
client_7255,voucher_118
client_21820,voucher_169
client_61018,voucher_144
client_78949,voucher_184
client_75145,voucher_80
client_84774,voucher_183
client_74469,voucher_2
client_52018,voucher_162
client_65828,voucher_88
client_57860,voucher_172
client_85609,voucher_95
client_22792,voucher_197
client_4923,voucher_190
client_4869,voucher_184
client_36601,voucher_176
client_15370,voucher_93
client_80198,voucher_94
client_10803,voucher_118
client_86149,voucher_57
client_61939,voucher_101
client_48236,voucher_83
client_29893,voucher_50
client_89962,voucher_42
client_55570,voucher_45
client_49119,voucher_113
client_86941,voucher_26
client_26357,voucher_167
client_58827,voucher_160
client_76841,voucher_131
client_41065,voucher_123
client_76848,voucher_65
client_93265,voucher_121
client_43788,voucher_30
client_11453,voucher_110
client_52855,voucher_24
client_36927,voucher_198
client_82430,voucher_100
client_65971,voucher_173
client_43732,voucher_60
client_30506,voucher_89
client_75851,voucher_10
client_67515,voucher_45
client_39160,voucher_105
client_34428,voucher_125
client_63784,voucher_80
client_32314,voucher_86
client_43604,voucher_181
client_62225,voucher_149
client_57837,voucher_22
client_333,voucher_154
client_45239,voucher_25
client_16458,voucher_121
client_64994,voucher_130
client_44494,voucher_75
client_80768,voucher_117
client_90907,voucher_127
client_8246,voucher_167
client_1299,voucher_25
client_94812,voucher_19
client_67057,voucher_4
client_31596,voucher_156
client_81107,voucher_89
client_57183,voucher_38
client_54724,voucher_50
client_80345,voucher_75
client_22306,voucher_89
client_43380,voucher_32
client_83698,voucher_33
client_11918,voucher_187
client_16548,voucher_51
client_52700,voucher_110
client_41125,voucher_66
client_16707,voucher_150
client_28962,voucher_169
client_21835,voucher_160
client_54728,voucher_43
client_99724,voucher_134
client_27913,voucher_161
