client_67312,phone_755
client_69603,phone_977
client_50133,phone_855
client_9060,phone_856
client_96280,phone_292
client_5636,phone_320
client_35257,phone_822
client_53866,phone_586
client_24932,phone_361
client_63685,phone_306
client_94178,phone_884
client_86932,phone_442
client_68136,phone_516
client_74933,phone_411
client_79510,phone_610
client_23143,phone_924
client_4072,phone_296
client_28519,phone_695
client_2801,phone_471
client_29324,phone_392
client_52699,phone_94
client_94163,phone_448
client_30600,phone_420
client_20879,phone_501
client_39777,phone_530
client_52009,phone_552
client_37922,phone_95
client_7273,phone_939
client_76679,phone_435
client_19453,phone_379
client_98819,phone_782
client_12095,phone_677
client_2099,phone_916
client_61278,phone_759
client_91849,phone_855
client_26717,phone_123
client_83554,phone_196
client_41656,phone_102
client_71639,phone_931
client_73813,phone_665
client_45115,phone_65
client_27007,phone_654
client_31871,phone_560
client_51949,phone_843
client_19299,phone_146
client_28589,phone_770
client_51694,phone_659
client_42751,phone_11
client_18918,phone_997
client_14071,phone_45
client_92586,phone_783
client_80313,phone_299
client_67914,phone_998
client_21362,phone_982
client_95829,phone_307
client_50102,phone_111
client_32686,phone_639
client_92210,phone_305
client_15477,phone_695
client_52172,phone_764
client_26221,phone_899
client_907,phone_854
client_40860,phone_34
client_15401,phone_864
client_74675,phone_711
client_96360,phone_213
client_29080,phone_136
client_54926,phone_444
client_47520,phone_965
client_59331,phone_700
client_66798,phone_708
client_94741,phone_400
client_69019,phone_826
client_19137,phone_529
client_80390,phone_737
client_65864,phone_137
client_50738,phone_315
client_19936,phone_23
client_52240,phone_31
client_63671,phone_631
client_33848,phone_977
client_44628,phone_572
client_16850,phone_959
client_74207,phone_751
client_53124,phone_892
client_3831,phone_173
client_21642,phone_158
client_44505,phone_791
client_66219,phone_611
client_2367,phone_395
client_66027,phone_920
client_24027,phone_212
client_29285,phone_917
client_56137,phone_139
client_1659,phone_20
client_38600,phone_299
client_56451,phone_667
client_30368,phone_194
client_16975,phone_724
client_70130,phone_379
