client_67754,com_46
client_25841,com_175
client_85514,com_162
client_60242,com_7
client_87539,com_141
client_10857,com_141
client_35712,com_53
client_25325,com_8
client_55173,com_3
client_59931,com_33
client_22628,com_196
client_76323,com_5
client_1204,com_5
client_38631,com_87
client_34129,com_125
client_3112,com_89
client_68693,com_91
client_27733,com_15
client_38896,com_181
client_27753,com_175
client_42753,com_29
client_12654,com_176
client_11449,com_53
client_40668,com_59
client_36500,com_54
client_65278,com_142
client_32857,com_154
client_47076,com_76
client_43329,com_163
client_74553,com_73
client_38260,com_112
client_20007,com_145
client_69003,com_85
client_33937,com_73
client_86796,com_93
client_29645,com_158
client_41575,com_174
client_40177,com_103
client_29866,com_2
client_18646,com_178
client_25243,com_92
client_1258,com_167
client_49862,com_68
client_38321,com_67
client_63895,com_106
client_20665,com_26
client_6314,com_97
client_42530,com_110
client_42090,com_66
client_73535,com_70
client_72674,com_197
client_44865,com_24
client_38465,com_166
client_96973,com_158
client_73259,com_17
client_94427,com_75
client_17314,com_29
client_64946,com_17
client_10169,com_84
client_3778,com_148
client_73143,com_93
client_78800,com_18
client_85048,com_122
client_65398,com_99
client_37195,com_165
client_50409,com_5
client_53449,com_157
client_52206,com_139
client_34800,com_158
client_81272,com_55
client_78848,com_41
client_89779,com_110
client_34600,com_52
client_30782,com_106
client_25642,com_165
client_65216,com_189
client_58441,com_126
client_73370,com_137
client_31533,com_102
client_94852,com_18
client_54821,com_108
client_98731,com_111
client_65872,com_158
client_69389,com_199
client_69866,com_47
client_53465,com_175
client_50634,com_57
client_70838,com_53
client_82927,com_16
client_45782,com_173
client_11800,com_22
client_96916,com_13
client_58268,com_68
client_4299,com_183
client_24900,com_196
client_67809,com_177
client_31638,com_15
client_38599,com_175
client_29699,com_52
client_16718,com_162
